FDAARGOS575 Sp7 CF	5
Sp7 FDAARGOS575 CF	5
ado_ATCC ATCC33656 CF	8
ATCC33656 ado_ATCC CF	8
Nc4 WSM1271 CF	7
WSM1271 Nc4 CF	6
Nc4 Rf4 CF	7
Rf4 Nc4 CF	6
Nc4 WSM2075 CF	7
WSM2075 Nc4 CF	6
Nc4 S52 CF	7
S52 Nc4 CF	6
Nc4 ORS571 CF	7
ORS571 Nc4 CF	6
Nc4 SZ CF	7
SZ Nc4 CF	6
Nc4 PCA CF	7
PCA Nc4 CF	6
ASO3-1 JCM30893 CF	7
JCM30893 ASO3-1 CF	6
SI SM52 CF	7
SM52 SI CF	6
RS-1 S52 CF	7
S52 RS-1 CF	6
NU89 PAO1 CF	2
PAO1 NU89 CF	0
K288 MPOB CF	6
MPOB K288 CF	7
K288 Nb255 CF	6
Nb255 K288 CF	7
K288 X14 CF	6
X14 K288 CF	7
K288 UPMC901 CF	0
UPMC901 K288 CF	2
K288 SB CF	0
SB K288 CF	2
K288 Nb231 CF	6
Nb231 K288 CF	7
CWAy Zhang CF	1
Zhang CWAy CF	3
CWAy M38 CF	1
M38 CWAy CF	3
CWAy Nc4 CF	6
Nc4 CWAy CF	7
CWAy PAO1 CF	2
PAO1 CWAy CF	0
CWAy NBRC3202 CF	1
NBRC3202 CWAy CF	3
CWAy RS-1 CF	6
RS-1 CWAy CF	7
CWAy UMB0004 CF	1
UMB0004 CWAy CF	3
CWAy plant_ATCC CF	1
plant_ATCC CWAy CF	3
CWAy JJ CF	6
JJ CWAy CF	7
CWAy DSM2638 CF	6
DSM2638 CWAy CF	7
CWAy lac_ATCC CF	1
lac_ATCC CWAy CF	3
CWAy G2 CF	1
G2 CWAy CF	3
OF4 TSA2s CF	5
TSA2s OF4 CF	5
R1dM1 SI CF	6
SI R1dM1 CF	7
R1dM1 WSM2075 CF	7
WSM2075 R1dM1 CF	6
R1dM1 WSM1271 CF	7
WSM1271 R1dM1 CF	6
R1dM1 TK24-YQS040 CF	7
TK24-YQS040 R1dM1 CF	6
HL096PA1 MTH-04 CF	8
MTH-04 HL096PA1 CF	8
HL096PA1 HRM2 CF	6
HRM2 HL096PA1 CF	7
HL096PA1 R1dM1 CF	6
R1dM1 HL096PA1 CF	7
HL096PA1 LMG16247 CF	5
LMG16247 HL096PA1 CF	5
HL096PA1 PCA CF	8
PCA HL096PA1 CF	3
HL096PA1 SZ CF	8
SZ HL096PA1 CF	3
HL096PA1 T6-13N CF	8
T6-13N HL096PA1 CF	8
HL096PA1 lac_ATCC CF	1
lac_ATCC HL096PA1 CF	3
HL096PA1 Rf4 CF	8
Rf4 HL096PA1 CF	3
HL096PA1 NBRC3202 CF	1
NBRC3202 HL096PA1 CF	3
HL096PA1 PAO1 CF	2
PAO1 HL096PA1 CF	0
HL096PA1 M38 CF	1
M38 HL096PA1 CF	3
HL096PA1 NCTC11397 CF	8
NCTC11397 HL096PA1 CF	8
HL096PA1 plant_ATCC CF	1
plant_ATCC HL096PA1 CF	3
HL096PA1 J10fl CF	5
J10fl HL096PA1 CF	5
ATCC13047 TSA2s CF	5
TSA2s ATCC13047 CF	5
ATCC13047 Sp7 CF	5
Sp7 ATCC13047 CF	5
AYP1020 Sp7 CF	5
Sp7 AYP1020 CF	5
NCTC11397 PFRJS14 CF	8
PFRJS14 NCTC11397 CF	8
NCTC11397 WSM2075 CF	5
WSM2075 NCTC11397 CF	5
NCTC11397 WSM1271 CF	5
WSM1271 NCTC11397 CF	5
NCTC11397 TK24-YQS040 CF	8
TK24-YQS040 NCTC11397 CF	8
BJ001 HI2424 CF	5
HI2424 BJ001 CF	5
ATCC15700 L1-82 CF	8
L1-82 ATCC15700 CF	8
ATCC15700 DSM16841 CF	4
DSM16841 ATCC15700 CF	9
ATCC15700 EH1 CF	6
EH1 ATCC15700 CF	7
ATCC15700 DSMA194 CF	4
DSMA194 ATCC15700 CF	9
Bulgaricus CTG1 CF	3
CTG1 Bulgaricus CF	1
Bulgaricus PAO1 CF	2
PAO1 Bulgaricus CF	0
Bulgaricus DSM10331 CF	3
DSM10331 Bulgaricus CF	1
Bulgaricus DSM40736 CF	3
DSM40736 Bulgaricus CF	1
Bulgaricus J10fl CF	3
J10fl Bulgaricus CF	1
Bulgaricus NBRC13350 CF	3
NBRC13350 Bulgaricus CF	1
Bulgaricus HJW CF	3
HJW Bulgaricus CF	1
Bulgaricus WSM1271 CF	3
WSM1271 Bulgaricus CF	1
Bulgaricus HI2424 CF	3
HI2424 Bulgaricus CF	1
Bulgaricus TK24-YQS040 CF	3
TK24-YQS040 Bulgaricus CF	1
Bulgaricus DSM2032 CF	6
DSM2032 Bulgaricus CF	7
Bulgaricus M162 CF	3
M162 Bulgaricus CF	1
Bulgaricus HRM2 CF	6
HRM2 Bulgaricus CF	7
Bulgaricus MPOB CF	6
MPOB Bulgaricus CF	7
Bulgaricus DSM12680 CF	3
DSM12680 Bulgaricus CF	1
Bulgaricus WSM2075 CF	3
WSM2075 Bulgaricus CF	1
Bulgaricus H37Rv CF	3
H37Rv Bulgaricus CF	1
Bulgaricus LM5 CO	3
LM5 Bulgaricus CO	1
Bulgaricus PFRJS14 CF	3
PFRJS14 Bulgaricus CF	1
Bulgaricus FDAARGOS679 CF	3
FDAARGOS679 Bulgaricus CF	1
Bulgaricus 451SPAR CO	3
451SPAR Bulgaricus CO	1
Bulgaricus CICC22518 CF	3
CICC22518 Bulgaricus CF	1
Bulgaricus SI CF	6
SI Bulgaricus CF	7
Bulgaricus NGAS638 CO	3
NGAS638 Bulgaricus CO	1
Bulgaricus STHCIRM65 CF	3
STHCIRM65 Bulgaricus CF	1
Bulgaricus HB8 CF	3
HB8 Bulgaricus CF	1
Bulgaricus DSM2626 CF	3
DSM2626 Bulgaricus CF	1
Bulgaricus DSM20745 CF	3
DSM20745 Bulgaricus CF	1
Bulgaricus CWAy CF	3
CWAy Bulgaricus CF	1
Bulgaricus DSM574 CF	6
DSM574 Bulgaricus CF	7
Bulgaricus DSM103284 CF	3
DSM103284 Bulgaricus CF	1
Bulgaricus SB CF	3
SB Bulgaricus CF	1
Bulgaricus F0399 CF	3
F0399 Bulgaricus CF	1
Bulgaricus S52 CF	2
S52 Bulgaricus CF	0
Bulgaricus HL096PA1 CF	3
HL096PA1 Bulgaricus CF	1
Bulgaricus MRHRU235G CF	3
MRHRU235G Bulgaricus CF	1
Bulgaricus MCC318 CO	4
MCC318 Bulgaricus CO	9
Bulgaricus DSM684 CF	6
DSM684 Bulgaricus CF	7
OK5 PFRJS14 CO	8
PFRJS14 OK5 CO	8
OK5 ORS2060 CO	5
ORS2060 OK5 CO	5
OK5 OnP31 CO	5
OnP31 OK5 CO	5
OK5 SB CO	8
SB OK5 CO	8
OK5 PAO1 CO	2
PAO1 OK5 CO	0
OK5 SI CO	6
SI OK5 CO	7
OK5 RS-1 CO	6
RS-1 OK5 CO	7
OK5 Aspo-2 CO	6
Aspo-2 OK5 CO	7
OK5 SRW-OG1 CO	5
SRW-OG1 OK5 CO	5
ATCC12472 Nb231 CF	6
Nb231 ATCC12472 CF	7
ATCC12472 Nb255 CF	6
Nb255 ATCC12472 CF	7
ATCC12472 X14 CF	6
X14 ATCC12472 CF	7
DSM40736 lac_ATCC CF	1
lac_ATCC DSM40736 CF	3
DSM40736 G2 CF	1
G2 DSM40736 CF	3
DSM40736 plant_ATCC CF	1
plant_ATCC DSM40736 CF	3
DSM40736 T6-13N CF	8
T6-13N DSM40736 CF	8
DSM40736 NCTC11397 CF	8
NCTC11397 DSM40736 CF	8
DSM40736 M38 CF	1
M38 DSM40736 CF	3
DSM40736 R1dM1 CF	6
R1dM1 DSM40736 CF	7
DSM40736 PAO1 CF	2
PAO1 DSM40736 CF	0
DSM40736 NBRC3202 CF	1
NBRC3202 DSM40736 CF	3
AU1233 S52 CF	2
S52 AU1233 CF	0
AU1233 ICMP19499 CF	2
ICMP19499 AU1233 CF	0
AU1233 PS1 CF	2
PS1 AU1233 CF	0
AU1233 F2a CF	2
F2a AU1233 CF	0
AU1233 NBRC14164 CF	2
NBRC14164 AU1233 CF	0
AU1233 PAO1 CF	2
PAO1 AU1233 CF	0
AU1233 L48 CF	2
L48 AU1233 CF	0
AU1233 BIMB268 CF	5
BIMB268 AU1233 CF	5
BC16 Bulgaricus CF	1
Bulgaricus BC16 CF	3
BC16 PAO1 CF	2
PAO1 BC16 CF	0
BC16 M38 CF	1
M38 BC16 CF	3
BC16 F2a CF	2
F2a BC16 CF	0
BC16 BJ001 CF	5
BJ001 BC16 CF	5
BC16 NBRC14164 CF	2
NBRC14164 BC16 CF	0
BC16 ICMP19499 CF	2
ICMP19499 BC16 CF	0
BC16 PS1 CF	2
PS1 BC16 CF	0
BC16 PFRJS14 CF	5
PFRJS14 BC16 CF	5
BC16 lac_ATCC CF	1
lac_ATCC BC16 CF	3
BC16 G2 CF	1
G2 BC16 CF	3
BC16 UMB0004 CF	1
UMB0004 BC16 CF	3
BC16 BIMB268 CF	5
BIMB268 BC16 CF	5
BC16 RS-1 CF	6
RS-1 BC16 CF	7
BC16 NBRC3202 CF	1
NBRC3202 BC16 CF	3
BC16 Zhang CF	1
Zhang BC16 CF	3
BC16 plant_ATCC CF	1
plant_ATCC BC16 CF	3
BC16 DSM2638 CF	6
DSM2638 BC16 CF	7
BC16 L48 CF	2
L48 BC16 CF	0
BC16 MEAM1 CF	5
MEAM1 BC16 CF	5
BC16 HL096PA1 CF	5
HL096PA1 BC16 CF	5
BC16 S52 CF	2
S52 BC16 CF	0
BC16 ORS2060 CF	5
ORS2060 BC16 CF	5
FDAARGOS755 PAO1 CF	2
PAO1 FDAARGOS755 CF	0
NCTC8325 Sp7 CF	5
Sp7 NCTC8325 CF	5
DSM4028 JCM30893 CF	7
JCM30893 DSM4028 CF	6
G2 PAO1 CF	2
PAO1 G2 CF	0
G2 SI CF	6
SI G2 CF	7
G2 HJW CF	3
HJW G2 CF	1
G2 NBRC13350 CF	3
NBRC13350 G2 CF	1
G2 HB8 CF	3
HB8 G2 CF	1
G2 J10fl CF	3
J10fl G2 CF	1
G2 STHCIRM65 CF	3
STHCIRM65 G2 CF	1
G2 SB CF	3
SB G2 CF	1
G2 HRM2 CF	6
HRM2 G2 CF	7
G2 M162 CF	3
M162 G2 CF	1
G2 MPOB CF	6
MPOB G2 CF	7
G2 HI2424 CF	3
HI2424 G2 CF	1
G2 WSM1271 CF	3
WSM1271 G2 CF	1
G2 TK24-YQS040 CF	3
TK24-YQS040 G2 CF	1
G2 PFRJS14 CF	3
PFRJS14 G2 CF	1
G2 MRHRU235G CF	3
MRHRU235G G2 CF	1
G2 WSM2075 CF	3
WSM2075 G2 CF	1
G2 H37Rv CF	3
H37Rv G2 CF	1
G2 HL096PA1 CF	3
HL096PA1 G2 CF	1
G2 S52 CF	2
S52 G2 CF	0
Hu17 PAO1 CF	2
PAO1 Hu17 CF	0
RS01 sp76-1 CF	2
sp76-1 RS01 CF	0
FDAARGOS679 M38 CF	1
M38 FDAARGOS679 CF	3
FDAARGOS679 NCTC11397 CF	5
NCTC11397 FDAARGOS679 CF	5
FDAARGOS679 R1dM1 CF	6
R1dM1 FDAARGOS679 CF	7
FDAARGOS679 NGAS638 CO	5
NGAS638 FDAARGOS679 CO	3
FDAARGOS679 NBRC3202 CF	1
NBRC3202 FDAARGOS679 CF	3
FDAARGOS679 PAO1 CF	2
PAO1 FDAARGOS679 CF	0
FDAARGOS679 lac_ATCC CF	1
lac_ATCC FDAARGOS679 CF	3
FDAARGOS679 G2 CF	1
G2 FDAARGOS679 CF	3
FDAARGOS679 plant_ATCC CF	1
plant_ATCC FDAARGOS679 CF	3
FDAARGOS679 T6-13N CF	5
T6-13N FDAARGOS679 CF	5
ATCC10987 TSA2s CF	0
TSA2s ATCC10987 CF	2
FDAARGOS309 Nb231 CF	6
Nb231 FDAARGOS309 CF	7
FDAARGOS309 Nb255 CF	6
Nb255 FDAARGOS309 CF	7
FDAARGOS309 X14 CF	6
X14 FDAARGOS309 CF	7
CICC22518 DJ CF	2
DJ CICC22518 CF	0
CICC22518 LV515 CF	8
LV515 CICC22518 CF	3
CICC22518 plant_ATCC CF	1
plant_ATCC CICC22518 CF	3
CICC22518 L1-82 CO	1
L1-82 CICC22518 CO	3
CICC22518 DSM15434 CF	8
DSM15434 CICC22518 CF	8
CICC22518 M38 CF	1
M38 CICC22518 CF	3
CICC22518 OK5 CO	8
OK5 CICC22518 CO	8
CICC22518 NBRC3202 CF	1
NBRC3202 CICC22518 CF	3
CICC22518 lac_ATCC CF	1
lac_ATCC CICC22518 CF	3
CICC22518 G2 CF	1
G2 CICC22518 CF	3
CICC22518 NCTC11831 CO	8
NCTC11831 CICC22518 CO	8
CICC22518 DSM16041 CF	1
DSM16041 CICC22518 CF	3
CICC22518 DSMA194 CO	4
DSMA194 CICC22518 CO	9
JF-5 UPMC901 CF	8
UPMC901 JF-5 CF	8
JF-5 MCC318 CO	4
MCC318 JF-5 CO	9
L48 Nc4 CF	6
Nc4 L48 CF	7
L48 Nb231 CF	6
Nb231 L48 CF	7
L48 Nb255 CF	6
Nb255 L48 CF	7
L48 M162 CF	0
M162 L48 CF	2
L48 X14 CF	6
X14 L48 CF	7
L48 SM52 CF	0
SM52 L48 CF	2
L48 MC1 CF	0
MC1 L48 CF	2
L48 STM815 CF	0
STM815 L48 CF	2
L48 ORS571 CF	0
ORS571 L48 CF	2
EnGen0336 SRCM102733 CF	3
SRCM102733 EnGen0336 CF	1
ATCC33617 ICMP19499 CF	2
ICMP19499 ATCC33617 CF	0
ATCC33617 PAO1 CF	2
PAO1 ATCC33617 CF	0
ATCC33617 Bulgaricus CF	1
Bulgaricus ATCC33617 CF	3
ATCC33617 NBRC14164 CF	2
NBRC14164 ATCC33617 CF	0
ATCC33617 F2a CF	2
F2a ATCC33617 CF	0
ATCC33617 BJ001 CF	5
BJ001 ATCC33617 CF	5
ATCC33617 M38 CF	1
M38 ATCC33617 CF	3
ATCC33617 PFRJS14 CF	5
PFRJS14 ATCC33617 CF	5
ATCC33617 G2 CF	1
G2 ATCC33617 CF	3
ATCC33617 lac_ATCC CF	1
lac_ATCC ATCC33617 CF	3
ATCC33617 PS1 CF	2
PS1 ATCC33617 CF	0
ATCC33617 plant_ATCC CF	1
plant_ATCC ATCC33617 CF	3
ATCC33617 NBRC3202 CF	1
NBRC3202 ATCC33617 CF	3
ATCC33617 RS-1 CF	6
RS-1 ATCC33617 CF	7
ATCC33617 BIMB268 CF	5
BIMB268 ATCC33617 CF	5
ATCC33617 UMB0004 CF	1
UMB0004 ATCC33617 CF	3
ATCC33617 Zhang CF	1
Zhang ATCC33617 CF	3
ATCC33617 ORS2060 CF	5
ORS2060 ATCC33617 CF	5
ATCC33617 S52 CF	2
S52 ATCC33617 CF	0
ATCC33617 HL096PA1 CF	5
HL096PA1 ATCC33617 CF	5
ATCC33617 L48 CF	2
L48 ATCC33617 CF	0
ATCC33617 DSM2638 CF	6
DSM2638 ATCC33617 CF	7
ATCC33617 MEAM1 CF	5
MEAM1 ATCC33617 CF	5
SZ X14 CF	6
X14 SZ CF	7
ATCC12561 M38 CF	1
M38 ATCC12561 CF	3
ATCC12561 CC55 CF	8
CC55 ATCC12561 CF	3
ATCC12561 Bulgaricus CF	1
Bulgaricus ATCC12561 CF	3
ATCC12561 DSM4252 CF	8
DSM4252 ATCC12561 CF	8
ATCC12561 NBRC3202 CF	1
NBRC3202 ATCC12561 CF	3
ATCC12561 plant_ATCC CF	1
plant_ATCC ATCC12561 CF	3
ATCC12561 DSM20109 CF	8
DSM20109 ATCC12561 CF	8
ATCC12561 DSM15434 CF	8
DSM15434 ATCC12561 CF	8
ATCC12561 DSM6578 CF	8
DSM6578 ATCC12561 CF	8
ATCC12561 DSM43183 CF	8
DSM43183 ATCC12561 CF	8
ATCC12561 ATCC19208 CF	8
ATCC19208 ATCC12561 CF	8
ATCC12561 UPMC901 CF	8
UPMC901 ATCC12561 CF	8
ATCC12561 lac_ATCC CF	1
lac_ATCC ATCC12561 CF	3
ATCC12561 DSM43827 CF	8
DSM43827 ATCC12561 CF	8
ATCC12561 DSM12680 CF	8
DSM12680 ATCC12561 CF	8
ATCC12561 G2 CF	1
G2 ATCC12561 CF	3
ATCC12561 DSM684 CF	6
DSM684 ATCC12561 CF	7
KT MPOB CF	6
MPOB KT CF	7
KT SB CF	8
SB KT CF	8
NBRC14164 STM815 CF	0
STM815 NBRC14164 CF	2
NBRC14164 NIPH2130 CF	0
NIPH2130 NBRC14164 CF	2
ATCC33277 ATCC35405 CF	8
ATCC35405 ATCC33277 CF	8
G1 SRCM102733 CF	3
SRCM102733 G1 CF	1
LM4 PAO1 CF	2
PAO1 LM4 CF	0
J10fl lac_ATCC CF	1
lac_ATCC J10fl CF	3
J10fl plant_ATCC CF	1
plant_ATCC J10fl CF	3
J10fl PFRJS14 CF	8
PFRJS14 J10fl CF	8
J10fl SZ CF	8
SZ J10fl CF	3
J10fl PCA CF	8
PCA J10fl CF	3
J10fl MPOB CF	6
MPOB J10fl CF	7
J10fl M38 CF	1
M38 J10fl CF	3
J10fl Rf4 CF	8
Rf4 J10fl CF	3
J10fl NBRC3202 CF	1
NBRC3202 J10fl CF	3
IT45 ORS571 CF	0
ORS571 IT45 CF	2
IT45 TSA2s CF	0
TSA2s IT45 CF	2
IT45 J10fl CF	0
J10fl IT45 CF	2
IT45 X14 CF	6
X14 IT45 CF	7
IT45 Nb255 CF	6
Nb255 IT45 CF	7
IT45 Nb231 CF	6
Nb231 IT45 CF	7
IT45 RS-1 CF	6
RS-1 IT45 CF	7
IT45 SI CF	6
SI IT45 CF	7
IT45 L45 CF	0
L45 IT45 CF	2
IT45 SM52 CF	0
SM52 IT45 CF	2
IT45 M162 CF	0
M162 IT45 CF	2
IT45 JJ CF	6
JJ IT45 CF	7
IT45 SB CF	0
SB IT45 CF	2
DSM5692 JCM30893 CF	7
JCM30893 DSM5692 CF	6
M162 M38 CF	1
M38 M162 CF	3
M162 PAO1 CF	2
PAO1 M162 CF	0
M162 NBRC3202 CF	1
NBRC3202 M162 CF	3
M162 SI CF	6
SI M162 CF	7
M162 Nc4 CF	6
Nc4 M162 CF	7
M162 S52 CF	2
S52 M162 CF	0
M162 plant_ATCC CF	1
plant_ATCC M162 CF	3
HI2424 NBRC14164 CF	2
NBRC14164 HI2424 CF	0
HI2424 Zhang CF	1
Zhang HI2424 CF	3
HI2424 M38 CF	1
M38 HI2424 CF	3
HI2424 PAO1 CF	2
PAO1 HI2424 CF	0
HI2424 UMB0004 CF	1
UMB0004 HI2424 CF	3
HI2424 RS-1 CF	6
RS-1 HI2424 CF	7
HI2424 NBRC3202 CF	1
NBRC3202 HI2424 CF	3
HI2424 plant_ATCC CF	1
plant_ATCC HI2424 CF	3
HI2424 ICMP19499 CF	2
ICMP19499 HI2424 CF	0
HI2424 MEAM1 CF	5
MEAM1 HI2424 CF	5
HI2424 PS1 CF	2
PS1 HI2424 CF	0
HI2424 L48 CF	2
L48 HI2424 CF	0
HI2424 S52 CF	2
S52 HI2424 CF	0
HI2424 ORS2060 CF	5
ORS2060 HI2424 CF	5
HI2424 HL096PA1 CF	5
HL096PA1 HI2424 CF	5
HI2424 lac_ATCC CF	1
lac_ATCC HI2424 CF	3
HI2424 PFRJS14 CF	5
PFRJS14 HI2424 CF	5
ATCC33394 Nb255 CF	6
Nb255 ATCC33394 CF	7
ATCC33394 X14 CF	6
X14 ATCC33394 CF	7
ATCC33394 Nb231 CF	6
Nb231 ATCC33394 CF	7
Hxd3 JCM30893 CF	7
JCM30893 Hxd3 CF	6
DSM43827 ICMP19499 CF	2
ICMP19499 DSM43827 CF	0
DSM43827 K288 CF	2
K288 DSM43827 CF	0
DSM43827 S52 CF	2
S52 DSM43827 CF	0
DSM43827 F0399 CF	8
F0399 DSM43827 CF	8
DSM43827 L48 CF	2
L48 DSM43827 CF	0
DSM43827 PAO1 CF	2
PAO1 DSM43827 CF	0
DSM43827 JF-5 CF	8
JF-5 DSM43827 CF	8
DSM43827 PS1 CF	2
PS1 DSM43827 CF	0
DSM43827 F2a CF	2
F2a DSM43827 CF	0
DSM43827 NBRC14164 CF	2
NBRC14164 DSM43827 CF	0
ATCC14990 Sp7 CF	5
Sp7 ATCC14990 CF	5
ATCC700779 PAO1 CF	2
PAO1 ATCC700779 CF	0
LMG16247 PFRJS14 CF	8
PFRJS14 LMG16247 CF	8
LMG16247 NGAS638 CO	8
NGAS638 LMG16247 CO	8
LMG16247 M162 CF	5
M162 LMG16247 CF	5
NCH105 PAO1 CF	2
PAO1 NCH105 CF	0
451SPAR PFRJS14 CO	8
PFRJS14 451SPAR CO	8
451SPAR NCTC11831 CF	8
NCTC11831 451SPAR CF	8
451SPAR DSM16041 CO	1
DSM16041 451SPAR CO	3
451SPAR LMG16247 CO	8
LMG16247 451SPAR CO	8
451SPAR MRHRU235G CO	3
MRHRU235G 451SPAR CO	8
451SPAR T6-13N CO	8
T6-13N 451SPAR CO	8
451SPAR H37Rv CO	3
H37Rv 451SPAR CO	8
451SPAR OnP31 CO	3
OnP31 451SPAR CO	5
451SPAR DSM16841 CF	4
DSM16841 451SPAR CF	9
451SPAR DSMA194 CF	4
DSMA194 451SPAR CF	9
451SPAR HJW CO	3
HJW 451SPAR CO	5
451SPAR AF28-15 CF	4
AF28-15 451SPAR CF	9
451SPAR L1-82 CF	8
L1-82 451SPAR CF	8
451SPAR LV515 CO	8
LV515 451SPAR CO	8
451SPAR OK5 CF	8
OK5 451SPAR CF	8
451SPAR DSM15272 CO	8
DSM15272 451SPAR CO	8
451SPAR PAO1 CF	2
PAO1 451SPAR CF	0
451SPAR NBRC3202 CO	1
NBRC3202 451SPAR CO	3
451SPAR NCTC11397 CO	8
NCTC11397 451SPAR CO	8
451SPAR Zhang CO	1
Zhang 451SPAR CO	9
451SPAR FDAARGOS679 CO	3
FDAARGOS679 451SPAR CO	5
451SPAR SRW-OG1 CO	3
SRW-OG1 451SPAR CO	5
ACN14a Nc4 CF	6
Nc4 ACN14a CF	7
ACN14a C91 CF	8
C91 ACN14a CF	8
ACN14a PAO1 CF	2
PAO1 ACN14a CF	0
ACN14a ATCC25196 CF	8
ATCC25196 ACN14a CF	8
NGAS638 UMB0004 CO	1
UMB0004 NGAS638 CO	3
NGAS638 PAO1 CF	2
PAO1 NGAS638 CF	0
NGAS638 R1dM1 CO	6
R1dM1 NGAS638 CO	7
NGAS638 SRW-OG1 CO	3
SRW-OG1 NGAS638 CO	5
NGAS638 SM52 CO	3
SM52 NGAS638 CO	5
NGAS638 T6-13N CO	8
T6-13N NGAS638 CO	8
NGAS638 ORS2060 CO	3
ORS2060 NGAS638 CO	5
NGAS638 OnP31 CO	3
OnP31 NGAS638 CO	5
ATCC23726 SG_NCTC3000 CF	8
SG_NCTC3000 ATCC23726 CF	8
HC SMVAGTER CF	8
SMVAGTER HC CF	8
DSM574 OK5 CO	7
OK5 DSM574 CO	6
DSM574 NBRC3202 CF	7
NBRC3202 DSM574 CF	6
DSM574 DSMA194 CO	4
DSMA194 DSM574 CO	9
DSM574 M38 CF	7
M38 DSM574 CF	6
DSM574 plant_ATCC CF	7
plant_ATCC DSM574 CF	6
DSM574 NCTC11831 CO	7
NCTC11831 DSM574 CO	6
DSM574 L1-82 CO	7
L1-82 DSM574 CO	6
DSM574 lac_ATCC CF	7
lac_ATCC DSM574 CF	6
DSM574 G2 CF	7
G2 DSM574 CF	6
DSM574 LV515 CF	7
LV515 DSM574 CF	6
DSM574 JCM30893 CF	7
JCM30893 DSM574 CF	6
DSM20745 LMG16247 CF	5
LMG16247 DSM20745 CF	5
DSM20745 plant_ATCC CF	1
plant_ATCC DSM20745 CF	3
DSM20745 G2 CF	1
G2 DSM20745 CF	3
DSM20745 lac_ATCC CF	1
lac_ATCC DSM20745 CF	3
DSM20745 NBRC3202 CF	1
NBRC3202 DSM20745 CF	3
DSM20745 SM52 CF	5
SM52 DSM20745 CF	5
DSM20745 M38 CF	1
M38 DSM20745 CF	3
bem DSMA194 CO	4
DSMA194 bem CO	9
bem Nb255 CF	6
Nb255 bem CF	7
bem MTH-04 CF	8
MTH-04 bem CF	8
bem X14 CF	6
X14 bem CF	7
bem Nc4 CF	6
Nc4 bem CF	7
bem C91 CF	3
C91 bem CF	8
bem DSM10331 CF	3
DSM10331 bem CF	8
bem HL096PA1 CF	3
HL096PA1 bem CF	8
bem J10fl CF	3
J10fl bem CF	8
bem PFRJS14 CF	3
PFRJS14 bem CF	8
bem L1-82 CO	8
L1-82 bem CO	8
F0399 MCC318 CO	4
MCC318 F0399 CO	9
F0399 L1-82 CO	8
L1-82 F0399 CO	3
F0399 plant_ATCC CF	1
plant_ATCC F0399 CF	3
F0399 NCTC11831 CO	8
NCTC11831 F0399 CO	8
F0399 G2 CF	1
G2 F0399 CF	3
F0399 lac_ATCC CF	1
lac_ATCC F0399 CF	3
F0399 NBRC3202 CF	1
NBRC3202 F0399 CF	3
F0399 OK5 CO	8
OK5 F0399 CO	8
F0399 UPMC901 CF	8
UPMC901 F0399 CF	8
F0399 M38 CF	1
M38 F0399 CF	3
221 Sp7 CF	5
Sp7 221 CF	5
ATCC35037 PAO1 CF	2
PAO1 ATCC35037 CF	0
Ak1 DSM2638 CF	6
DSM2638 Ak1 CF	7
Ak1 R1dM1 CF	6
R1dM1 Ak1 CF	7
Ak1 Aspo-2 CF	6
Aspo-2 Ak1 CF	7
Ak1 MPOB CF	6
MPOB Ak1 CF	7
Ak1 DSM574 CF	6
DSM574 Ak1 CF	7
Ak1 JJ CF	6
JJ Ak1 CF	7
Ak1 HRM2 CF	6
HRM2 Ak1 CF	7
Ak1 DSM2032 CF	6
DSM2032 Ak1 CF	7
Ak1 DSM16219 CF	6
DSM16219 Ak1 CF	7
Ak1 Hxd3 CF	6
Hxd3 Ak1 CF	7
Ak1 DSM4028 CF	6
DSM4028 Ak1 CF	7
Ak1 RS-1 CF	6
RS-1 Ak1 CF	7
Ak1 ASO3-1 CF	6
ASO3-1 Ak1 CF	7
Ak1 DSM5692 CF	6
DSM5692 Ak1 CF	7
AF28-15 ATCC25975 CF	9
ATCC25975 AF28-15 CF	4
AF28-15 CICC22518 CO	9
CICC22518 AF28-15 CO	4
AF28-15 bifi_JCM CF	9
bifi_JCM AF28-15 CF	4
AF28-15 SRW-OG1 CO	9
SRW-OG1 AF28-15 CO	4
AF28-15 LMG1861 CO	9
LMG1861 AF28-15 CO	4
AF28-15 GAD3 CO	9
GAD3 AF28-15 CO	4
AF28-15 SZ CO	9
SZ AF28-15 CO	4
AF28-15 MCC318 CF	9
MCC318 AF28-15 CF	4
AF28-15 D3 CF	9
D3 AF28-15 CF	4
AF28-15 DSM684 CO	9
DSM684 AF28-15 CO	4
AF28-15 OnP31 CO	9
OnP31 AF28-15 CO	4
AF28-15 ORS2060 CO	9
ORS2060 AF28-15 CO	4
AF28-15 JF-1 CO	9
JF-1 AF28-15 CO	4
AF28-15 F0399 CO	9
F0399 AF28-15 CO	4
AF28-15 bem CO	9
bem AF28-15 CO	4
AF28-15 DSM574 CO	9
DSM574 AF28-15 CO	4
AF28-15 ATCC43049 CO	9
ATCC43049 AF28-15 CO	4
AF28-15 BA111 CF	9
BA111 AF28-15 CF	4
AF28-15 GS-15 CO	9
GS-15 AF28-15 CO	4
AF28-15 DS2 CO	9
DS2 AF28-15 CO	4
AF28-15 PAO1 CO	9
PAO1 AF28-15 CO	4
AF28-15 I1 CF	9
I1 AF28-15 CF	4
AF28-15 E1-9c CO	9
E1-9c AF28-15 CO	4
AF28-15 DSM15272 CO	9
DSM15272 AF28-15 CO	4
AF28-15 ATCC15700 CF	9
ATCC15700 AF28-15 CF	4
AF28-15 R2 CF	9
R2 AF28-15 CF	4
AF28-15 CTG1 CO	9
CTG1 AF28-15 CO	4
AF28-15 PCA CO	9
PCA AF28-15 CO	4
AF28-15 PFRJS14 CO	9
PFRJS14 AF28-15 CO	4
AF28-15 LM5 CF	9
LM5 AF28-15 CF	4
AF28-15 Rf4 CO	9
Rf4 AF28-15 CO	4
AF28-15 ATCC33913 CO	9
ATCC33913 AF28-15 CO	4
AF28-15 DSM2032 CO	9
DSM2032 AF28-15 CO	4
HRM2 plant_ATCC CF	7
plant_ATCC HRM2 CF	6
HRM2 PFRJS14 CF	7
PFRJS14 HRM2 CF	6
HRM2 IT45 CF	7
IT45 HRM2 CF	6
HRM2 JCM30893 CF	7
JCM30893 HRM2 CF	6
HRM2 lac_ATCC CF	7
lac_ATCC HRM2 CF	6
HRM2 NBRC3202 CF	7
NBRC3202 HRM2 CF	6
HRM2 M38 CF	7
M38 HRM2 CF	6
ATCC33913 G2 CF	1
G2 ATCC33913 CF	3
ATCC33913 DSM43827 CF	5
DSM43827 ATCC33913 CF	5
ATCC33913 lac_ATCC CF	1
lac_ATCC ATCC33913 CF	3
ATCC33913 DSM12680 CF	8
DSM12680 ATCC33913 CF	8
ATCC33913 DSM43183 CF	5
DSM43183 ATCC33913 CF	5
ATCC33913 DSMA194 CO	4
DSMA194 ATCC33913 CO	9
ATCC33913 UPMC901 CF	5
UPMC901 ATCC33913 CF	3
ATCC33913 SB CF	5
SB ATCC33913 CF	8
ATCC33913 L1-82 CO	1
L1-82 ATCC33913 CO	3
ATCC33913 DSM6578 CF	8
DSM6578 ATCC33913 CF	8
ATCC33913 DSM15434 CF	5
DSM15434 ATCC33913 CF	5
ATCC33913 DSM20109 CF	1
DSM20109 ATCC33913 CF	3
ATCC33913 plant_ATCC CF	1
plant_ATCC ATCC33913 CF	3
ATCC33913 M38 CF	1
M38 ATCC33913 CF	3
ATCC33913 SI CF	6
SI ATCC33913 CF	7
ATCC33913 NBRC3202 CF	1
NBRC3202 ATCC33913 CF	3
ATCC33913 DSM4252 CF	8
DSM4252 ATCC33913 CF	3
ATCC33913 Bulgaricus CF	1
Bulgaricus ATCC33913 CF	3
JJ NCTC11831 CO	7
NCTC11831 JJ CO	6
JJ OK5 CO	7
OK5 JJ CO	6
JJ PAO1 CF	7
PAO1 JJ CF	6
JJ S52 CF	7
S52 JJ CF	6
JJ LV515 CF	7
LV515 JJ CF	6
ATCC33656 Aspo-2 CO	6
Aspo-2 ATCC33656 CO	7
ATCC33656 MTH-04 CO	8
MTH-04 ATCC33656 CO	8
ATCC33656 JJ CO	6
JJ ATCC33656 CO	7
ATCC33656 ATCC33913 CO	3
ATCC33913 ATCC33656 CO	8
ATCC33656 DSM2032 CO	6
DSM2032 ATCC33656 CO	7
ATCC33656 HRM2 CO	6
HRM2 ATCC33656 CO	7
ATCC33656 Rf4 CO	8
Rf4 ATCC33656 CO	8
ATCC33656 PCA CO	8
PCA ATCC33656 CO	8
ATCC33656 Long1 CF	8
Long1 ATCC33656 CF	8
ATCC33656 Long7 CF	8
Long7 ATCC33656 CF	8
ATCC33656 Bulgaricus CO	1
Bulgaricus ATCC33656 CO	3
ATCC33656 OK5 CF	8
OK5 ATCC33656 CF	8
ATCC33656 DSM10331 CO	8
DSM10331 ATCC33656 CO	8
ATCC33656 PAO1 CO	2
PAO1 ATCC33656 CO	0
ATCC33656 DSM574 CO	6
DSM574 ATCC33656 CO	7
ATCC33656 R1dM1 CO	6
R1dM1 ATCC33656 CO	7
ATCC33656 bem CO	8
bem ATCC33656 CO	8
ATCC33656 F0399 CO	8
F0399 ATCC33656 CO	8
ATCC33656 OnP31 CO	3
OnP31 ATCC33656 CO	5
ATCC33656 EJ3 CO	8
EJ3 ATCC33656 CO	8
ATCC33656 S52 CO	2
S52 ATCC33656 CO	0
ATCC33656 Long3 CF	8
Long3 ATCC33656 CF	8
ATCC33656 LMG1861 CO	3
LMG1861 ATCC33656 CO	5
ATCC33656 Zhang CO	1
Zhang ATCC33656 CO	9
ATCC33656 SRW-OG1 CO	3
SRW-OG1 ATCC33656 CO	5
ATCC33656 Long6 CF	8
Long6 ATCC33656 CF	8
ATCC33656 RS-1 CO	6
RS-1 ATCC33656 CO	7
ATCC33656 DJ CO	2
DJ ATCC33656 CO	0
ATCC33656 K288 CO	2
K288 ATCC33656 CO	0
ATCC33656 Long5 CF	8
Long5 ATCC33656 CF	8
ATCC33656 NCTC11831 CF	8
NCTC11831 ATCC33656 CF	8
ATCC33656 PFRJS14 CO	8
PFRJS14 ATCC33656 CO	8
ATCC33656 CTG1 CO	2
CTG1 ATCC33656 CO	0
ATCC33656 E1-9c CO	8
E1-9c ATCC33656 CO	8
ATCC33656 DSM15272 CO	8
DSM15272 ATCC33656 CO	8
ATCC33656 BL35624 CF	4
BL35624 ATCC33656 CF	9
ATCC33656 Long2 CF	8
Long2 ATCC33656 CF	8
ATCC33656 DS2 CO	8
DS2 ATCC33656 CO	8
ATCC33656 J10fl CO	3
J10fl ATCC33656 CO	8
ATCC33656 GS-15 CO	8
GS-15 ATCC33656 CO	8
ATCC33656 NRC-1 CO	8
NRC-1 ATCC33656 CO	8
ATCC33656 ATCC43049 CO	8
ATCC43049 ATCC33656 CO	8
ATCC33656 JF-5 CO	8
JF-5 ATCC33656 CO	8
ATCC33656 DSM2638 CO	6
DSM2638 ATCC33656 CO	7
ATCC33656 JF-1 CO	8
JF-1 ATCC33656 CO	8
ATCC33656 ORS2060 CO	3
ORS2060 ATCC33656 CO	5
ATCC33656 DSM8774 CO	8
DSM8774 ATCC33656 CO	8
ATCC33656 DSM684 CO	6
DSM684 ATCC33656 CO	7
ATCC33656 Long4 CF	8
Long4 ATCC33656 CF	8
ATCC33656 MCC318 CF	4
MCC318 ATCC33656 CF	9
ATCC33656 SZ CO	8
SZ ATCC33656 CO	8
ATCC33656 GAD3 CO	3
GAD3 ATCC33656 CO	5
ATCC33656 b_infan CF	8
b_infan ATCC33656 CF	8
ATCC33656 NBRC3202 CO	1
NBRC3202 ATCC33656 CO	3
ATCC33656 UMB0004 CO	1
UMB0004 ATCC33656 CO	3
ATCC33656 Long8 CF	8
Long8 ATCC33656 CF	8
BPN363 TSA2s CF	5
TSA2s BPN363 CF	5
DSM12680 LV515 CF	8
LV515 DSM12680 CF	8
DSM12680 K288 CF	2
K288 DSM12680 CF	0
DSM12680 plant_ATCC CF	1
plant_ATCC DSM12680 CF	3
DSM12680 KT CF	8
KT DSM12680 CF	8
DSM12680 M38 CF	1
M38 DSM12680 CF	3
DSM12680 NBRC3202 CF	1
NBRC3202 DSM12680 CF	3
DSM12680 PAO1 CF	2
PAO1 DSM12680 CF	0
DSM12680 G2 CF	1
G2 DSM12680 CF	3
DSM12680 S52 CF	2
S52 DSM12680 CF	0
DSM12680 lac_ATCC CF	1
lac_ATCC DSM12680 CF	3
DSM12680 HL096PA1 CF	8
HL096PA1 DSM12680 CF	8
DSM12680 DSM684 CF	6
DSM684 DSM12680 CF	7
DSM12680 DSM16041 CF	1
DSM16041 DSM12680 CF	3
DSM12680 PFRJS14 CF	8
PFRJS14 DSM12680 CF	8
DSM12680 F0399 CF	8
F0399 DSM12680 CF	8
ATCC17616 ICMP19499 CF	2
ICMP19499 ATCC17616 CF	0
ATCC17616 S52 CF	2
S52 ATCC17616 CF	0
ATCC17616 PAO1 CF	2
PAO1 ATCC17616 CF	0
ATCC17616 L48 CF	2
L48 ATCC17616 CF	0
ATCC17616 BIMB268 CF	5
BIMB268 ATCC17616 CF	5
ATCC17616 F2a CF	2
F2a ATCC17616 CF	0
ATCC17616 NBRC14164 CF	2
NBRC14164 ATCC17616 CF	0
ATCC17616 PS1 CF	2
PS1 ATCC17616 CF	0
DSM16219 K288 CF	7
K288 DSM16219 CF	6
DSM16219 S52 CF	7
S52 DSM16219 CF	6
DSM16219 JCM30893 CF	7
JCM30893 DSM16219 CF	6
DSM16219 KT CF	7
KT DSM16219 CF	6
UMB0004 451SPAR CO	3
451SPAR UMB0004 CO	1
plant_ATCC WSM2075 CF	3
WSM2075 plant_ATCC CF	1
plant_ATCC STHCIRM65 CF	3
STHCIRM65 plant_ATCC CF	1
plant_ATCC S52 CF	2
S52 plant_ATCC CF	0
plant_ATCC SB CF	3
SB plant_ATCC CF	1
plant_ATCC SI CF	6
SI plant_ATCC CF	7
plant_ATCC WSM1271 CF	3
WSM1271 plant_ATCC CF	1
plant_ATCC TK24-YQS040 CF	3
TK24-YQS040 plant_ATCC CF	1
ATCC700780 PAO1 CF	2
PAO1 ATCC700780 CF	0
ATCC13525 IL403 CF	0
IL403 ATCC13525 CF	2
ATCC13525 ATCC51888 CF	0
ATCC51888 ATCC13525 CF	2
ATCC13525 BC16 CF	0
BC16 ATCC13525 CF	2
ATCC13525 AU1233 CF	0
AU1233 ATCC13525 CF	2
ATCC13525 IO-1 CF	0
IO-1 ATCC13525 CF	2
ATCC13525 MC1 CF	0
MC1 ATCC13525 CF	2
ATCC13525 STM815 CF	0
STM815 ATCC13525 CF	2
ATCC13525 ATCC33617 CF	0
ATCC33617 ATCC13525 CF	2
ATCC13525 ATCC17616 CF	0
ATCC17616 ATCC13525 CF	2
ATCC13525 DSM43827 CF	0
DSM43827 ATCC13525 CF	2
ATCC13525 HI2424 CF	0
HI2424 ATCC13525 CF	2
ATCC13525 KLL004 CF	0
KLL004 ATCC13525 CF	2
acho_lai ATCC33656 CF	8
ATCC33656 acho_lai CF	8
FDAARGOS141 Sp7 CF	5
Sp7 FDAARGOS141 CF	5
KLL004 ZAS-2 CF	8
ZAS-2 KLL004 CF	8
P4563KF2 PAO1 CF	2
PAO1 P4563KF2 CF	0
ATCC14580 TSA2s CF	5
TSA2s ATCC14580 CF	5
DSM684 HL096PA1 CF	7
HL096PA1 DSM684 CF	6
DSM684 lac_ATCC CF	7
lac_ATCC DSM684 CF	6
DSM684 G2 CF	7
G2 DSM684 CF	6
DSM684 plant_ATCC CF	7
plant_ATCC DSM684 CF	6
DSM684 PFRJS14 CF	7
PFRJS14 DSM684 CF	6
DSM684 L1-82 CO	7
L1-82 DSM684 CO	6
DSM684 M38 CF	7
M38 DSM684 CF	6
DSM684 DSMA194 CO	4
DSMA194 DSM684 CO	9
DSM684 SB CF	7
SB DSM684 CF	6
DSM684 F0399 CF	7
F0399 DSM684 CF	6
DSM684 NBRC3202 CF	7
NBRC3202 DSM684 CF	6
DSM684 SI CF	6
SI DSM684 CF	7
MRHRU235G plant_ATCC CF	1
plant_ATCC MRHRU235G CF	3
MRHRU235G T6-13N CF	8
T6-13N MRHRU235G CF	8
MRHRU235G NGAS638 CO	8
NGAS638 MRHRU235G CO	3
MRHRU235G NBRC3202 CF	1
NBRC3202 MRHRU235G CF	3
MRHRU235G PAO1 CF	2
PAO1 MRHRU235G CF	0
MRHRU235G NCTC11397 CF	8
NCTC11397 MRHRU235G CF	8
MRHRU235G R1dM1 CF	6
R1dM1 MRHRU235G CF	7
NCTC4672 PAO1 CF	2
PAO1 NCTC4672 CF	0
I1 L1-82 CF	8
L1-82 I1 CF	8
Ames_Anc TSA2s CF	5
TSA2s Ames_Anc CF	5
p1143 TSA2s CF	3
TSA2s p1143 CF	5
BM407 PAO1 CF	2
PAO1 BM407 CF	0
LV515 MCC318 CO	4
MCC318 LV515 CO	9
LV515 RS-1 CF	6
RS-1 LV515 CF	7
LV515 SI CF	6
SI LV515 CF	7
LV515 PAO1 CF	2
PAO1 LV515 CF	0
LV515 NGAS638 CO	8
NGAS638 LV515 CO	8
LV515 SB CF	8
SB LV515 CF	8
LV515 MPOB CF	6
MPOB LV515 CF	7
IL403 ZAS-2 CF	8
ZAS-2 IL403 CF	8
DSM26779 IT45 CF	2
IT45 DSM26779 CF	0
DSM26779 SI CF	6
SI DSM26779 CF	7
DSM26779 SB CF	5
SB DSM26779 CF	5
DSM6578 K288 CF	2
K288 DSM6578 CF	0
DSM6578 PAO1 CF	2
PAO1 DSM6578 CF	0
DSM6578 F0399 CF	8
F0399 DSM6578 CF	8
DSM6578 S52 CF	2
S52 DSM6578 CF	0
DSM6578 JF-5 CF	8
JF-5 DSM6578 CF	8
SP113043A Sp7 CF	5
Sp7 SP113043A CF	5
NCTC3000 Sp7 CF	5
Sp7 NCTC3000 CF	5
H37Rv plant_ATCC CF	1
plant_ATCC H37Rv CF	3
H37Rv T6-13N CF	5
T6-13N H37Rv CF	5
H37Rv lac_ATCC CF	1
lac_ATCC H37Rv CF	3
H37Rv NGAS638 CO	8
NGAS638 H37Rv CO	3
H37Rv NBRC3202 CF	1
NBRC3202 H37Rv CF	3
H37Rv PAO1 CF	2
PAO1 H37Rv CF	0
H37Rv M38 CF	1
M38 H37Rv CF	3
H37Rv NCTC11397 CF	5
NCTC11397 H37Rv CF	5
H37Rv R1dM1 CF	6
R1dM1 H37Rv CF	7
lac_ATCC PAO1 CF	2
PAO1 lac_ATCC CF	0
lac_ATCC SI CF	6
SI lac_ATCC CF	7
lac_ATCC STHCIRM65 CF	3
STHCIRM65 lac_ATCC CF	1
lac_ATCC NBRC13350 CF	3
NBRC13350 lac_ATCC CF	1
lac_ATCC TK24-YQS040 CF	3
TK24-YQS040 lac_ATCC CF	1
lac_ATCC WSM1271 CF	3
WSM1271 lac_ATCC CF	1
lac_ATCC M162 CF	3
M162 lac_ATCC CF	1
lac_ATCC MPOB CF	6
MPOB lac_ATCC CF	7
lac_ATCC SB CF	3
SB lac_ATCC CF	1
lac_ATCC S52 CF	2
S52 lac_ATCC CF	0
lac_ATCC WSM2075 CF	3
WSM2075 lac_ATCC CF	1
lac_ATCC MRHRU235G CF	3
MRHRU235G lac_ATCC CF	1
lac_ATCC PFRJS14 CF	3
PFRJS14 lac_ATCC CF	1
Eco1 G1 CF	0
G1 Eco1 CF	2
Eco1 H1 CF	0
H1 Eco1 CF	2
Eco1 EnGen0336 CF	0
EnGen0336 Eco1 CF	2
LMG1861 MCC318 CO	4
MCC318 LMG1861 CO	9
LMG1861 NGAS638 CO	5
NGAS638 LMG1861 CO	3
LMG1861 X14 CF	6
X14 LMG1861 CF	7
LMG1861 Nb255 CF	6
Nb255 LMG1861 CF	7
ATCC27343 ATCC33656 CF	8
ATCC33656 ATCC27343 CF	8
ATCC27343 Zhang CO	1
Zhang ATCC27343 CO	9
ATCC27343 NBRC3202 CO	1
NBRC3202 ATCC27343 CO	3
ATCC27343 UMB0004 CO	1
UMB0004 ATCC27343 CO	3
ATCC27343 NBRC3959 CO	1
NBRC3959 ATCC27343 CO	3
ATCC27343 Bulgaricus CO	1
Bulgaricus ATCC27343 CO	3
ATCC27343 LV515 CO	8
LV515 ATCC27343 CO	8
ATCC27343 LMG16247 CO	8
LMG16247 ATCC27343 CO	8
ATCC27343 DSM16041 CO	1
DSM16041 ATCC27343 CO	3
RhAA1 SG_NCTC3000 CF	8
SG_NCTC3000 RhAA1 CF	8
DJ DSM20109 CF	0
DSM20109 DJ CF	2
DJ DSM6578 CF	0
DSM6578 DJ CF	2
DJ J10fl CF	0
J10fl DJ CF	2
DJ IT45 CF	0
IT45 DJ CF	2
DJ DSM4252 CF	0
DSM4252 DJ CF	2
DJ PAO1 CF	2
PAO1 DJ CF	0
DJ DSM10331 CF	0
DSM10331 DJ CF	2
DJ F2a CF	2
F2a DJ CF	0
DJ DSM43827 CF	0
DSM43827 DJ CF	2
DJ DSM12680 CF	0
DSM12680 DJ CF	2
DJ JJ CF	6
JJ DJ CF	7
DJ HRM2 CF	6
HRM2 DJ CF	7
DJ DSM2032 CF	6
DSM2032 DJ CF	7
DJ MPOB CF	6
MPOB DJ CF	7
DJ DSM15434 CF	0
DSM15434 DJ CF	2
DJ Nc4 CF	6
Nc4 DJ CF	7
DJ SI CF	6
SI DJ CF	7
DJ RS-1 CF	6
RS-1 DJ CF	7
DJ MCC318 CO	4
MCC318 DJ CO	9
DJ S52 CF	2
S52 DJ CF	0
DJ SB CF	0
SB DJ CF	2
DJ DSM2638 CF	6
DSM2638 DJ CF	7
DJ UPMC901 CF	0
UPMC901 DJ CF	2
DJ L48 CF	2
L48 DJ CF	0
DJ DSM103284 CF	0
DSM103284 DJ CF	2
DJ DSM43183 CF	0
DSM43183 DJ CF	2
DJ DSM574 CF	6
DSM574 DJ CF	7
JCM30893 RS-1 CF	6
RS-1 JCM30893 CF	7
JCM30893 R1dM1 CF	6
R1dM1 JCM30893 CF	7
JCM30893 JJ CF	6
JJ JCM30893 CF	7
JCM30893 MPOB CF	6
MPOB JCM30893 CF	7
DSM43183 S52 CF	2
S52 DSM43183 CF	0
DSM43183 JF-5 CF	8
JF-5 DSM43183 CF	8
DSM43183 K288 CF	2
K288 DSM43183 CF	0
DSM43183 PAO1 CF	2
PAO1 DSM43183 CF	0
DSM43183 F0399 CF	8
F0399 DSM43183 CF	8
ATCC19208 F0399 CF	8
F0399 ATCC19208 CF	8
DSM12442 TSA2s CF	0
TSA2s DSM12442 CF	2
12D1 Nb255 CF	6
Nb255 12D1 CF	7
12D1 X14 CF	6
X14 12D1 CF	7
12D1 Nc4 CF	6
Nc4 12D1 CF	7
12D1 Nb231 CF	6
Nb231 12D1 CF	7
12D1 C91 CF	5
C91 12D1 CF	5
12D1 UMB0004 CF	1
UMB0004 12D1 CF	3
12D1 SI CF	6
SI 12D1 CF	7
12D1 RS-1 CF	6
RS-1 12D1 CF	7
12D1 CICC22518 CF	5
CICC22518 12D1 CF	5
12D1 DSM15434 CF	5
DSM15434 12D1 CF	5
12D1 ATCC25196 CF	5
ATCC25196 12D1 CF	5
12D1 DSM574 CF	6
DSM574 12D1 CF	7
12D1 DSM43183 CF	5
DSM43183 12D1 CF	5
12D1 SB CF	5
SB 12D1 CF	5
12D1 DSM2638 CF	6
DSM2638 12D1 CF	7
12D1 UPMC901 CF	5
UPMC901 12D1 CF	3
12D1 L48 CF	2
L48 12D1 CF	0
12D1 S52 CF	2
S52 12D1 CF	0
12D1 MCC318 CO	4
MCC318 12D1 CO	9
12D1 F2a CF	2
F2a 12D1 CF	0
12D1 DSM4252 CF	5
DSM4252 12D1 CF	3
12D1 PAO1 CF	2
PAO1 12D1 CF	0
12D1 IT45 CF	2
IT45 12D1 CF	0
12D1 DSM20109 CF	5
DSM20109 12D1 CF	3
12D1 DSM6578 CF	5
DSM6578 12D1 CF	5
12D1 JJ CF	6
JJ 12D1 CF	7
12D1 DSM2032 CF	6
DSM2032 12D1 CF	7
12D1 MPOB CF	6
MPOB 12D1 CF	7
12D1 Aspo-2 CF	6
Aspo-2 12D1 CF	7
12D1 ATCC33656 CO	5
ATCC33656 12D1 CO	3
12D1 DSM43827 CF	5
DSM43827 12D1 CF	5
12D1 DSM12680 CF	5
DSM12680 12D1 CF	5
Eco2 G1 CF	0
G1 Eco2 CF	2
Eco2 EnGen0336 CF	0
EnGen0336 Eco2 CF	2
Eco2 H1 CF	0
H1 Eco2 CF	2
S52 STM815 CF	0
STM815 S52 CF	2
S52 UMB0004 CF	0
UMB0004 S52 CF	2
S52 SB CF	0
SB S52 CF	2
S52 UPMC901 CF	0
UPMC901 S52 CF	2
S52 SM52 CF	0
SM52 S52 CF	2
S52 X14 CF	6
X14 S52 CF	7
S52 Zhang CF	0
Zhang S52 CF	2
MI101553 Sp7 CF	5
Sp7 MI101553 CF	5
D3 DSMA194 CF	4
DSMA194 D3 CF	9
D3 EH1 CF	6
EH1 D3 CF	7
D3 DSM16841 CF	4
DSM16841 D3 CF	9
D3 L1-82 CF	8
L1-82 D3 CF	8
ATCC14581 TSA2s CF	5
TSA2s ATCC14581 CF	5
M38 MRHRU235G CF	3
MRHRU235G M38 CF	1
M38 PFRJS14 CF	3
PFRJS14 M38 CF	1
M38 S52 CF	2
S52 M38 CF	0
M38 WSM2075 CF	3
WSM2075 M38 CF	1
M38 SB CF	3
SB M38 CF	1
M38 TK24-YQS040 CF	3
TK24-YQS040 M38 CF	1
M38 WSM1271 CF	3
WSM1271 M38 CF	1
M38 MPOB CF	6
MPOB M38 CF	7
M38 NBRC13350 CF	3
NBRC13350 M38 CF	1
M38 STHCIRM65 CF	3
STHCIRM65 M38 CF	1
M38 PAO1 CF	2
PAO1 M38 CF	0
M38 SI CF	6
SI M38 CF	7
DSM4252 PAO1 CF	2
PAO1 DSM4252 CF	0
DSM4252 K288 CF	2
K288 DSM4252 CF	0
DSM4252 F0399 CF	8
F0399 DSM4252 CF	8
DSM4252 S52 CF	2
S52 DSM4252 CF	0
DSM4252 JF-5 CF	8
JF-5 DSM4252 CF	8
PAO1 RS-1 CF	6
RS-1 PAO1 CF	7
PAO1 SI CF	6
SI PAO1 CF	7
PAO1 UMB0004 CF	0
UMB0004 PAO1 CF	2
PAO1 Zhang CF	0
Zhang PAO1 CF	2
PAO1 SK405 CF	0
SK405 PAO1 CF	2
PAO1 Sl_NCTC3000 CF	0
Sl_NCTC3000 PAO1 CF	2
PAO1 X14 CF	0
X14 PAO1 CF	2
PAO1 plant_ATCC CF	0
plant_ATCC PAO1 CF	2
PAO1 SG_NCTC3000 CF	0
SG_NCTC3000 PAO1 CF	2
PAO1 STHCIRM65 CF	0
STHCIRM65 PAO1 CF	2
PAO1 UPMC901 CF	0
UPMC901 PAO1 CF	2
PAO1 WSM1271 CF	0
WSM1271 PAO1 CF	2
PAO1 TK24-YQS040 CF	0
TK24-YQS040 PAO1 CF	2
PAO1 SM52 CF	0
SM52 PAO1 CF	2
PAO1 PFRJS14 CF	0
PFRJS14 PAO1 CF	2
PAO1 pGA-7 CF	0
pGA-7 PAO1 CF	2
PAO1 SV_NCTC3000 CF	0
SV_NCTC3000 PAO1 CF	2
PAO1 SEZ33 CF	0
SEZ33 PAO1 CF	2
PAO1 sl033 CF	0
sl033 PAO1 CF	2
PAO1 WSM2075 CF	0
WSM2075 PAO1 CF	2
PAO1 STM815 CF	0
STM815 PAO1 CF	2
DSM20109 F0399 CF	8
F0399 DSM20109 CF	8
DSM20109 K288 CF	2
K288 DSM20109 CF	0
DSM20109 PAO1 CF	2
PAO1 DSM20109 CF	0
DSM20109 JF-5 CF	8
JF-5 DSM20109 CF	8
DSM20109 S52 CF	2
S52 DSM20109 CF	0
HJW PAO1 CF	2
PAO1 HJW CF	0
HJW NBRC3202 CF	1
NBRC3202 HJW CF	3
HJW NGAS638 CO	5
NGAS638 HJW CO	3
HJW R1dM1 CF	6
R1dM1 HJW CF	7
HJW NCTC11397 CF	5
NCTC11397 HJW CF	5
HJW M38 CF	1
M38 HJW CF	3
HJW T6-13N CF	5
T6-13N HJW CF	5
HJW plant_ATCC CF	1
plant_ATCC HJW CF	3
HJW lac_ATCC CF	1
lac_ATCC HJW CF	3
DSM2032 M38 CF	7
M38 DSM2032 CF	6
DSM2032 DSMA194 CO	4
DSMA194 DSM2032 CO	9
DSM2032 UMB0004 CF	7
UMB0004 DSM2032 CF	6
DSM2032 NBRC3202 CF	7
NBRC3202 DSM2032 CF	6
DSM2032 OK5 CO	7
OK5 DSM2032 CO	6
DSM2032 JCM30893 CF	7
JCM30893 DSM2032 CF	6
DSM2032 IT45 CF	7
IT45 DSM2032 CF	6
DSM2032 LV515 CF	7
LV515 DSM2032 CF	6
DSM2032 G2 CF	7
G2 DSM2032 CF	6
DSM2032 lac_ATCC CF	7
lac_ATCC DSM2032 CF	6
DSM2032 L1-82 CO	7
L1-82 DSM2032 CO	6
DSM2032 NCTC11831 CO	7
NCTC11831 DSM2032 CO	6
DSM2032 plant_ATCC CF	7
plant_ATCC DSM2032 CF	6
PS1 STM815 CF	0
STM815 PS1 CF	2
Aspo-2 PAO1 CF	2
PAO1 Aspo-2 CF	0
Aspo-2 CWAy CF	7
CWAy Aspo-2 CF	6
Aspo-2 DSM16041 CF	7
DSM16041 Aspo-2 CF	6
Aspo-2 DSM15434 CF	7
DSM15434 Aspo-2 CF	6
Aspo-2 DJ CF	7
DJ Aspo-2 CF	6
Aspo-2 HB8 CF	7
HB8 Aspo-2 CF	6
Aspo-2 JCM30893 CF	7
JCM30893 Aspo-2 CF	6
Aspo-2 IT45 CF	7
IT45 Aspo-2 CF	6
Aspo-2 S52 CF	2
S52 Aspo-2 CF	0
Aspo-2 LV515 CF	7
LV515 Aspo-2 CF	6
LM5 Zhang CO	1
Zhang LM5 CO	9
LM5 SM52 CO	3
SM52 LM5 CO	5
LM5 R1dM1 CO	6
R1dM1 LM5 CO	7
LM5 OK5 CF	8
OK5 LM5 CF	8
LM5 PAO1 CF	2
PAO1 LM5 CF	0
LM5 NBRC3959 CO	1
NBRC3959 LM5 CO	3
LM5 UMB0004 CO	1
UMB0004 LM5 CO	3
LM5 NBRC3202 CO	1
NBRC3202 LM5 CO	3
LM5 LV515 CO	8
LV515 LM5 CO	8
LM5 LMG16247 CO	8
LMG16247 LM5 CO	8
LM5 NCTC11831 CF	8
NCTC11831 LM5 CF	8
DSM8716 TSA2s CF	5
TSA2s DSM8716 CF	5
Nb255 PAO1 CF	2
PAO1 Nb255 CF	0
Nb255 Rf4 CF	7
Rf4 Nb255 CF	6
Nb255 PCA CF	7
PCA Nb255 CF	6
Nb255 SZ CF	7
SZ Nb255 CF	6
Nb255 NCTC_3000 CF	7
NCTC_3000 Nb255 CF	6
Nb255 S52 CF	7
S52 Nb255 CF	6
Dd1Dgvc PAO1 CF	2
PAO1 Dd1Dgvc CF	0
Dd1Dgvc Nc4 CF	6
Nc4 Dd1Dgvc CF	7
CL1 DSM13941 CF	8
DSM13941 CL1 CF	8
ZAS-2 ZAS-9 CF	8
ZAS-9 ZAS-2 CF	8
C91 WSM2075 CF	5
WSM2075 C91 CF	5
C91 S52 CF	2
S52 C91 CF	0
C91 SZ CF	8
SZ C91 CF	3
C91 PCA CF	8
PCA C91 CF	3
C91 M162 CF	5
M162 C91 CF	5
C91 WSM1271 CF	5
WSM1271 C91 CF	5
C91 CWAy CF	8
CWAy C91 CF	8
C91 L48 CF	2
L48 C91 CF	0
C91 DJ CF	2
DJ C91 CF	0
C91 GS-15 CF	8
GS-15 C91 CF	3
C91 ORS571 CF	5
ORS571 C91 CF	5
C91 Cppng1 CF	8
Cppng1 C91 CF	8
C91 DSM2626 CF	5
DSM2626 C91 CF	5
C91 Dd1Dgvc CF	8
Dd1Dgvc C91 CF	8
C91 F2a CF	2
F2a C91 CF	0
C91 Rf4 CF	8
Rf4 C91 CF	3
ATCC25975 LMG16247 CO	8
LMG16247 ATCC25975 CO	8
ATCC25975 NCTC11831 CF	8
NCTC11831 ATCC25975 CF	8
ATCC25975 DSM16841 CF	4
DSM16841 ATCC25975 CF	9
ATCC25975 H37Rv CO	3
H37Rv ATCC25975 CO	8
ATCC25975 PAO1 CF	2
PAO1 ATCC25975 CF	0
ATCC25975 DSM15272 CO	8
DSM15272 ATCC25975 CO	8
ATCC25975 OK5 CF	8
OK5 ATCC25975 CF	8
ATCC25975 Bulgaricus CO	1
Bulgaricus ATCC25975 CO	3
ATCC25975 NCTC11397 CO	8
NCTC11397 ATCC25975 CO	8
ATCC25975 L1-82 CF	8
L1-82 ATCC25975 CF	8
ATCC25975 HJW CO	3
HJW ATCC25975 CO	5
ATCC25975 LV515 CO	8
LV515 ATCC25975 CO	8
ATCC25975 NBRC3959 CO	1
NBRC3959 ATCC25975 CO	3
ATCC25975 R1dM1 CO	6
R1dM1 ATCC25975 CO	7
ATCC25975 SM52 CO	3
SM52 ATCC25975 CO	5
ATCC25975 DSMA194 CF	4
DSMA194 ATCC25975 CF	9
ATCC25975 MRHRU235G CO	3
MRHRU235G ATCC25975 CO	8
ATCC25975 T6-13N CO	8
T6-13N ATCC25975 CO	8
ATCC25975 DSM16041 CO	1
DSM16041 ATCC25975 CO	3
ATCC25975 OnP31 CO	3
OnP31 ATCC25975 CO	5
ATCC25975 ORS2060 CO	3
ORS2060 ATCC25975 CO	5
ATCC25975 NBRC3202 CO	1
NBRC3202 ATCC25975 CO	3
ATCC25975 UMB0004 CO	1
UMB0004 ATCC25975 CO	3
ATCC25975 SRW-OG1 CO	3
SRW-OG1 ATCC25975 CO	5
ATCC25975 FDAARGOS679 CO	3
FDAARGOS679 ATCC25975 CO	5
ATCC25975 GAD3 CO	3
GAD3 ATCC25975 CO	5
ATCC25975 LMG1861 CO	3
LMG1861 ATCC25975 CO	5
ATCC25975 Zhang CO	1
Zhang ATCC25975 CO	9
Ak2 DSM4028 CF	6
DSM4028 Ak2 CF	7
Ak2 Hxd3 CF	6
Hxd3 Ak2 CF	7
Ak2 DSM16219 CF	6
DSM16219 Ak2 CF	7
Ak2 DSM2032 CF	6
DSM2032 Ak2 CF	7
Ak2 JJ CF	6
JJ Ak2 CF	7
Ak2 HRM2 CF	6
HRM2 Ak2 CF	7
Ak2 MPOB CF	6
MPOB Ak2 CF	7
Ak2 DSM574 CF	6
DSM574 Ak2 CF	7
Ak2 Aspo-2 CF	6
Aspo-2 Ak2 CF	7
Ak2 R1dM1 CF	6
R1dM1 Ak2 CF	7
Ak2 DSM2638 CF	6
DSM2638 Ak2 CF	7
Ak2 DSM5692 CF	6
DSM5692 Ak2 CF	7
Ak2 ASO3-1 CF	6
ASO3-1 Ak2 CF	7
Ak2 RS-1 CF	6
RS-1 Ak2 CF	7
DSM15434 DSM684 CF	6
DSM684 DSM15434 CF	7
DSM15434 S52 CF	2
S52 DSM15434 CF	0
DSM15434 F0399 CF	8
F0399 DSM15434 CF	8
DSM15434 SB CF	8
SB DSM15434 CF	8
DSM15434 DSM2638 CF	6
DSM2638 DSM15434 CF	7
DSM15434 DSM2032 CF	6
DSM2032 DSM15434 CF	7
DSM15434 JJ CF	6
JJ DSM15434 CF	7
DSM15434 MPOB CF	6
MPOB DSM15434 CF	7
DSM15434 JF-5 CF	8
JF-5 DSM15434 CF	8
DSM15434 DSM574 CF	6
DSM574 DSM15434 CF	7
DSM15434 K288 CF	2
K288 DSM15434 CF	0
DSM15434 PAO1 CF	2
PAO1 DSM15434 CF	0
DSM15434 RS-1 CF	6
RS-1 DSM15434 CF	7
DSM15434 SI CF	6
SI DSM15434 CF	7
AMMD PAO1 CF	2
PAO1 AMMD CF	0
AMMD Bulgaricus CF	1
Bulgaricus AMMD CF	3
AMMD NBRC14164 CF	2
NBRC14164 AMMD CF	0
AMMD BJ001 CF	5
BJ001 AMMD CF	5
AMMD F2a CF	2
F2a AMMD CF	0
AMMD M38 CF	1
M38 AMMD CF	3
AMMD ICMP19499 CF	2
ICMP19499 AMMD CF	0
AMMD PS1 CF	2
PS1 AMMD CF	0
AMMD PFRJS14 CF	5
PFRJS14 AMMD CF	5
AMMD G2 CF	1
G2 AMMD CF	3
AMMD lac_ATCC CF	1
lac_ATCC AMMD CF	3
AMMD UMB0004 CF	1
UMB0004 AMMD CF	3
AMMD RS-1 CF	6
RS-1 AMMD CF	7
AMMD BIMB268 CF	5
BIMB268 AMMD CF	5
AMMD NBRC3202 CF	1
NBRC3202 AMMD CF	3
AMMD Zhang CF	1
Zhang AMMD CF	3
AMMD ATCC13525 CF	2
ATCC13525 AMMD CF	0
AMMD plant_ATCC CF	1
plant_ATCC AMMD CF	3
AMMD L48 CF	2
L48 AMMD CF	0
AMMD DSM2638 CF	6
DSM2638 AMMD CF	7
AMMD MEAM1 CF	5
MEAM1 AMMD CF	5
AMMD ORS2060 CF	5
ORS2060 AMMD CF	5
AMMD S52 CF	2
S52 AMMD CF	0
AMMD HL096PA1 CF	5
HL096PA1 AMMD CF	5
DSMA194 PAO1 CO	9
PAO1 DSMA194 CO	4
DSMA194 I1 CF	9
I1 DSMA194 CF	4
DSMA194 E1-9c CO	9
E1-9c DSMA194 CO	4
DSMA194 SRW-OG1 CO	9
SRW-OG1 DSMA194 CO	4
DSMA194 R2 CF	9
R2 DSMA194 CF	4
DSMA194 LMG1861 CO	9
LMG1861 DSMA194 CO	4
DSMA194 GAD3 CO	9
GAD3 DSMA194 CO	4
DSMA194 PCA CO	9
PCA DSMA194 CO	4
DSMA194 GS-15 CO	9
GS-15 DSMA194 CO	4
DSMA194 JF-1 CO	9
JF-1 DSMA194 CO	4
DSMA194 F0399 CO	9
F0399 DSMA194 CO	4
DSMA194 SZ CO	9
SZ DSMA194 CO	4
DSMA194 MCC318 CF	9
MCC318 DSMA194 CF	4
DSMA194 PFRJS14 CO	9
PFRJS14 DSMA194 CO	4
DSMA194 LM5 CF	9
LM5 DSMA194 CF	4
DSMA194 Rf4 CO	9
Rf4 DSMA194 CO	4
DSMA194 OnP31 CO	9
OnP31 DSMA194 CO	4
DSMA194 ORS2060 CO	9
ORS2060 DSMA194 CO	4
A12 PAO1 CF	2
PAO1 A12 CF	0
ATCC25196 WSM2075 CF	5
WSM2075 ATCC25196 CF	5
ATCC25196 S52 CF	2
S52 ATCC25196 CF	0
ATCC25196 SZ CF	8
SZ ATCC25196 CF	3
ATCC25196 PCA CF	8
PCA ATCC25196 CF	3
ATCC25196 M162 CF	5
M162 ATCC25196 CF	5
ATCC25196 CWAy CF	5
CWAy ATCC25196 CF	5
ATCC25196 WSM1271 CF	5
WSM1271 ATCC25196 CF	5
ATCC25196 bem CF	8
bem ATCC25196 CF	3
ATCC25196 L48 CF	2
L48 ATCC25196 CF	0
ATCC25196 DJ CF	2
DJ ATCC25196 CF	0
ATCC25196 ORS571 CF	5
ORS571 ATCC25196 CF	5
ATCC25196 GS-15 CF	8
GS-15 ATCC25196 CF	3
ATCC25196 Cppng1 CF	8
Cppng1 ATCC25196 CF	8
ATCC25196 DSM2626 CF	5
DSM2626 ATCC25196 CF	5
ATCC25196 Dd1Dgvc CF	8
Dd1Dgvc ATCC25196 CF	8
ATCC25196 F2a CF	2
F2a ATCC25196 CF	0
ATCC25196 Rf4 CF	8
Rf4 ATCC25196 CF	3
DSM2638 HI2424 CF	7
HI2424 DSM2638 CF	6
DSM2638 OK5 CO	7
OK5 DSM2638 CO	6
DSM2638 PAO1 CF	7
PAO1 DSM2638 CF	6
DSM2638 HB8 CF	7
HB8 DSM2638 CF	6
DSM2638 LV515 CF	7
LV515 DSM2638 CF	6
DSM2638 S52 CF	7
S52 DSM2638 CF	6
DSM2638 JCM30893 CF	7
JCM30893 DSM2638 CF	6
DSM2638 IT45 CF	7
IT45 DSM2638 CF	6
DSM2638 NCTC11831 CO	7
NCTC11831 DSM2638 CO	6
BJ5038 X14 CF	6
X14 BJ5038 CF	7
BJ5038 Nb255 CF	6
Nb255 BJ5038 CF	7
BJ5038 Nb231 CF	6
Nb231 BJ5038 CF	7
L45 S52 CF	2
S52 L45 CF	0
L45 PAO1 CF	2
PAO1 L45 CF	0
L45 L48 CF	2
L48 L45 CF	0
T6-13N ATCC27343 CO	8
ATCC27343 T6-13N CO	8
T6-13N WSM2075 CF	5
WSM2075 T6-13N CF	5
T6-13N WSM1271 CF	5
WSM1271 T6-13N CF	5
T6-13N TK24-YQS040 CF	8
TK24-YQS040 T6-13N CF	8
IO-1 ZAS-2 CF	8
ZAS-2 IO-1 CF	8
Rf4 X14 CF	6
X14 Rf4 CF	7
ATCC23270 PCA CF	8
PCA ATCC23270 CF	8
ATCC23270 SZ CF	8
SZ ATCC23270 CF	8
ATCC23270 PFRJS14 CF	8
PFRJS14 ATCC23270 CF	8
ATCC23270 GS-15 CF	8
GS-15 ATCC23270 CF	8
ATCC23270 HL096PA1 CF	8
HL096PA1 ATCC23270 CF	8
ATCC23270 Rf4 CF	8
Rf4 ATCC23270 CF	8
ATCC23270 bem CF	8
bem ATCC23270 CF	8
ATCC23270 ATCC33656 CO	8
ATCC33656 ATCC23270 CO	8
MLS10 TSA2s CF	3
TSA2s MLS10 CF	5
GS-15 HL096PA1 CF	3
HL096PA1 GS-15 CF	8
GS-15 J10fl CF	3
J10fl GS-15 CF	8
GS-15 PFRJS14 CF	3
PFRJS14 GS-15 CF	8
GS-15 L1-82 CO	8
L1-82 GS-15 CO	8
GS-15 MTH-04 CF	8
MTH-04 GS-15 CF	8
GS-15 Nb255 CF	6
Nb255 GS-15 CF	7
GS-15 X14 CF	6
X14 GS-15 CF	7
GS-15 Nc4 CF	6
Nc4 GS-15 CF	7
DS2 L1-82 CO	8
L1-82 DS2 CO	3
DS2 MCC318 CO	4
MCC318 DS2 CO	9
DS2 DSMA194 CO	4
DSMA194 DS2 CO	9
BA111 L1-82 CF	8
L1-82 BA111 CF	8
BA111 DSM16841 CF	4
DSM16841 BA111 CF	9
BA111 EH1 CF	6
EH1 BA111 CF	7
BA111 DSMA194 CF	4
DSMA194 BA111 CF	9
J4211 PAO1 CF	2
PAO1 J4211 CF	0
NBRC13350 NCTC11397 CF	8
NCTC11397 NBRC13350 CF	8
NBRC13350 R1dM1 CF	6
R1dM1 NBRC13350 CF	7
NBRC13350 PAO1 CF	2
PAO1 NBRC13350 CF	0
NBRC13350 NBRC3202 CF	1
NBRC3202 NBRC13350 CF	3
NBRC13350 plant_ATCC CF	1
plant_ATCC NBRC13350 CF	3
NBRC13350 T6-13N CF	8
T6-13N NBRC13350 CF	8
168 TSA2s CF	5
TSA2s 168 CF	5
BSS TSA2s CF	5
TSA2s BSS CF	5
DSM16841 MCC318 CF	9
MCC318 DSM16841 CF	4
DSM16841 I1 CF	9
I1 DSM16841 CF	4
DSM16841 LM5 CF	9
LM5 DSM16841 CF	4
DSM16841 R2 CF	9
R2 DSM16841 CF	4
AM1 Eco2 CF	2
Eco2 AM1 CF	0
AM1 Eco1 CF	2
Eco1 AM1 CF	0
AM1 Eco4 CF	2
Eco4 AM1 CF	0
AM1 Eco3 CF	2
Eco3 AM1 CF	0
AM1 SRCM102733 CF	1
SRCM102733 AM1 CF	3
bifi_JCM DSM16841 CF	4
DSM16841 bifi_JCM CF	9
bifi_JCM EH1 CF	6
EH1 bifi_JCM CF	7
bifi_JCM DSMA194 CF	4
DSMA194 bifi_JCM CF	9
bifi_JCM L1-82 CF	8
L1-82 bifi_JCM CF	8
OT25TZ90 PAO1 CF	2
PAO1 OT25TZ90 CF	0
DSM1 TSA2s CF	0
TSA2s DSM1 CF	2
NCTC_3000 X14 CF	6
X14 NCTC_3000 CF	7
DSM2626 T6-13N CF	5
T6-13N DSM2626 CF	5
DSM2626 plant_ATCC CF	1
plant_ATCC DSM2626 CF	3
DSM2626 G2 CF	1
G2 DSM2626 CF	3
DSM2626 lac_ATCC CF	1
lac_ATCC DSM2626 CF	3
DSM2626 NBRC3202 CF	1
NBRC3202 DSM2626 CF	3
DSM2626 PAO1 CF	2
PAO1 DSM2626 CF	0
DSM2626 Nc4 CF	6
Nc4 DSM2626 CF	7
DSM2626 R1dM1 CF	6
R1dM1 DSM2626 CF	7
DSM2626 M38 CF	1
M38 DSM2626 CF	3
DSM2626 NCTC11397 CF	5
NCTC11397 DSM2626 CF	5
DSM103284 plant_ATCC CF	1
plant_ATCC DSM103284 CF	3
DSM103284 DSM15434 CF	8
DSM15434 DSM103284 CF	8
DSM103284 LV515 CF	8
LV515 DSM103284 CF	8
DSM103284 OK5 CO	8
OK5 DSM103284 CO	8
DSM103284 Nb231 CF	6
Nb231 DSM103284 CF	7
DSM103284 NBRC3202 CF	1
NBRC3202 DSM103284 CF	3
DSM103284 Nb255 CF	6
Nb255 DSM103284 CF	7
DSM103284 M38 CF	1
M38 DSM103284 CF	3
DSM103284 X14 CF	6
X14 DSM103284 CF	7
DSM103284 DSM16041 CF	1
DSM16041 DSM103284 CF	3
DSM103284 NCTC11831 CO	8
NCTC11831 DSM103284 CO	8
DSM103284 DSM684 CF	6
DSM684 DSM103284 CF	7
DSM103284 DSM16219 CF	6
DSM16219 DSM103284 CF	7
DSM103284 lac_ATCC CF	1
lac_ATCC DSM103284 CF	3
DSM103284 G2 CF	1
G2 DSM103284 CF	3
K09-14 NBRC14164 CF	2
NBRC14164 K09-14 CF	0
EH1 R2 CF	7
R2 EH1 CF	6
EH1 I1 CF	7
I1 EH1 CF	6
FDAARGOS_1218 NBRC14164 CF	2
NBRC14164 FDAARGOS_1218 CF	0
DSM16041 LM5 CO	3
LM5 DSM16041 CO	1
DSM16041 MCC318 CO	4
MCC318 DSM16041 CO	9
DSM16041 DSM574 CF	6
DSM574 DSM16041 CF	7
DSM16041 MPOB CF	6
MPOB DSM16041 CF	7
DSM16041 DSM2032 CF	6
DSM2032 DSM16041 CF	7
DSM16041 JJ CF	6
JJ DSM16041 CF	7
DSM16041 DSM2638 CF	6
DSM2638 DSM16041 CF	7
DSM16041 SB CF	3
SB DSM16041 CF	1
DSM16041 NGAS638 CO	3
NGAS638 DSM16041 CO	1
DSM16041 SI CF	6
SI DSM16041 CF	7
DSM16041 RS-1 CF	6
RS-1 DSM16041 CF	7
DSM16041 PAO1 CF	2
PAO1 DSM16041 CF	0
ATCC51100 PAO1 CF	2
PAO1 ATCC51100 CF	0
Eco3 EnGen0336 CF	0
EnGen0336 Eco3 CF	2
Eco3 H1 CF	0
H1 Eco3 CF	2
Eco3 G1 CF	0
G1 Eco3 CF	2
C125 TSA2s CF	5
TSA2s C125 CF	5
DSM10331 plant_ATCC CF	1
plant_ATCC DSM10331 CF	3
DSM10331 GS-15 CF	8
GS-15 DSM10331 CF	3
DSM10331 IT45 CF	2
IT45 DSM10331 CF	0
DSM10331 NBRC3202 CF	1
NBRC3202 DSM10331 CF	3
DSM10331 Rf4 CF	8
Rf4 DSM10331 CF	3
DSM10331 M38 CF	1
M38 DSM10331 CF	3
DSM10331 SZ CF	8
SZ DSM10331 CF	3
DSM10331 PCA CF	8
PCA DSM10331 CF	3
DSM10331 PFRJS14 CF	8
PFRJS14 DSM10331 CF	8
DSM10331 G2 CF	1
G2 DSM10331 CF	3
DSM10331 lac_ATCC CF	1
lac_ATCC DSM10331 CF	3
DSM10331 HL096PA1 CF	8
HL096PA1 DSM10331 CF	8
DSM10331 MTH-04 CF	8
MTH-04 DSM10331 CF	8
DSM10331 MPOB CF	6
MPOB DSM10331 CF	7
ICMP19499 STM815 CF	0
STM815 ICMP19499 CF	2
ICMP19499 MC1 CF	0
MC1 ICMP19499 CF	2
L1-82 PCA CO	8
PCA L1-82 CO	8
L1-82 LMG1861 CO	3
LMG1861 L1-82 CO	1
L1-82 R2 CF	8
R2 L1-82 CF	8
L1-82 SRW-OG1 CO	3
SRW-OG1 L1-82 CO	1
L1-82 PAO1 CO	2
PAO1 L1-82 CO	0
L1-82 Rf4 CO	8
Rf4 L1-82 CO	8
L1-82 OnP31 CO	3
OnP31 L1-82 CO	1
L1-82 ORS2060 CO	3
ORS2060 L1-82 CO	1
L1-82 LM5 CF	8
LM5 L1-82 CF	8
L1-82 PFRJS14 CO	3
PFRJS14 L1-82 CO	8
L1-82 MCC318 CF	4
MCC318 L1-82 CF	9
L1-82 SZ CO	8
SZ L1-82 CO	8
MTH-04 PCA CF	8
PCA MTH-04 CF	8
MTH-04 SZ CF	8
SZ MTH-04 CF	8
MTH-04 Rf4 CF	8
Rf4 MTH-04 CF	8
MTH-04 PFRJS14 CF	8
PFRJS14 MTH-04 CF	8
1A Sp7 CF	5
Sp7 1A CF	5
MPOB S52 CF	7
S52 MPOB CF	6
MPOB plant_ATCC CF	7
plant_ATCC MPOB CF	6
MPOB OK5 CO	7
OK5 MPOB CO	6
MPOB NCTC11831 CO	7
NCTC11831 MPOB CO	6
MPOB NBRC3202 CF	7
NBRC3202 MPOB CF	6
LLTC96 TSA2s CF	5
TSA2s LLTC96 CF	5
Bc33 TSA2s CF	0
TSA2s Bc33 CF	2
GAD3 NGAS638 CO	5
NGAS638 GAD3 CO	3
GAD3 MCC318 CO	4
MCC318 GAD3 CO	9
GAD3 L1-82 CO	1
L1-82 GAD3 CO	3
GAD3 Nb255 CF	6
Nb255 GAD3 CF	7
GAD3 X14 CF	6
X14 GAD3 CF	7
CC55 F0399 CF	3
F0399 CC55 CF	8
Eco4 EnGen0336 CF	0
EnGen0336 Eco4 CF	2
Eco4 H1 CF	0
H1 Eco4 CF	2
Eco4 G1 CF	0
G1 Eco4 CF	2
Nb231 PAO1 CF	2
PAO1 Nb231 CF	0
Nb231 NCTC_3000 CF	7
NCTC_3000 Nb231 CF	6
Nb231 S52 CF	7
S52 Nb231 CF	6
NBRC3202 PFRJS14 CF	3
PFRJS14 NBRC3202 CF	1
NBRC3202 WSM2075 CF	3
WSM2075 NBRC3202 CF	1
NBRC3202 S52 CF	2
S52 NBRC3202 CF	0
NBRC3202 NGAS638 CO	3
NGAS638 NBRC3202 CO	1
NBRC3202 SB CF	3
SB NBRC3202 CF	1
NBRC3202 SI CF	6
SI NBRC3202 CF	7
NBRC3202 PAO1 CF	2
PAO1 NBRC3202 CF	0
NBRC3202 TK24-YQS040 CF	3
TK24-YQS040 NBRC3202 CF	1
NBRC3202 WSM1271 CF	3
WSM1271 NBRC3202 CF	1
BIMB268 HI2424 CF	5
HI2424 BIMB268 CF	5
BIMB268 STM815 CF	5
STM815 BIMB268 CF	5
BIMB268 DSM43827 CF	5
DSM43827 BIMB268 CF	5
BIMB268 MC1 CF	5
MC1 BIMB268 CF	5
HB8 M38 CF	1
M38 HB8 CF	3
HB8 Zhang CF	4
Zhang HB8 CF	9
HB8 JJ CF	6
JJ HB8 CF	7
HB8 UMB0004 CF	1
UMB0004 HB8 CF	3
HB8 RS-1 CF	6
RS-1 HB8 CF	7
HB8 NBRC3202 CF	1
NBRC3202 HB8 CF	3
HB8 PAO1 CF	2
PAO1 HB8 CF	0
HB8 lac_ATCC CF	8
lac_ATCC HB8 CF	8
HB8 plant_ATCC CF	1
plant_ATCC HB8 CF	3
E159 PAO1 CF	2
PAO1 E159 CF	0
ORS571 S52 CF	2
S52 ORS571 CF	0
ORS571 PAO1 CF	2
PAO1 ORS571 CF	0
ATCC9039 S52 CF	2
S52 ATCC9039 CF	0
ATCC9039 F2a CF	2
F2a ATCC9039 CF	0
ATCC9039 IT45 CF	2
IT45 ATCC9039 CF	0
ATCC9039 L48 CF	2
L48 ATCC9039 CF	0
ATCC9039 PAO1 CF	2
PAO1 ATCC9039 CF	0
DP3 Nb231 CF	6
Nb231 DP3 CF	7
DP3 Nb255 CF	6
Nb255 DP3 CF	7
DP3 X14 CF	6
X14 DP3 CF	7
S167 Sp7 CF	5
Sp7 S167 CF	5
JF-1 L1-82 CO	1
L1-82 JF-1 CO	3
NBRC3959 451SPAR CO	3
451SPAR NBRC3959 CO	1
MCC318 ORS2060 CO	9
ORS2060 MCC318 CO	4
MCC318 OnP31 CO	9
OnP31 MCC318 CO	4
MCC318 S52 CO	2
S52 MCC318 CO	0
MCC318 NCTC11831 CF	9
NCTC11831 MCC318 CF	4
MCC318 NRC-1 CO	9
NRC-1 MCC318 CO	4
MCC318 PFRJS14 CO	9
PFRJS14 MCC318 CO	4
MCC318 Zhang CO	9
Zhang MCC318 CO	4
MCC318 SRW-OG1 CO	9
SRW-OG1 MCC318 CO	4
MCC318 OK5 CF	9
OK5 MCC318 CF	4
MCC318 NBRC3202 CO	9
NBRC3202 MCC318 CO	4
MCC318 UMB0004 CO	9
UMB0004 MCC318 CO	4
MCC318 PAO1 CO	2
PAO1 MCC318 CO	0
CTG1 DSMA194 CO	4
DSMA194 CTG1 CO	9
CTG1 NCTC11831 CO	0
NCTC11831 CTG1 CO	2
CTG1 DSM16041 CF	1
DSM16041 CTG1 CF	3
CTG1 lac_ATCC CF	1
lac_ATCC CTG1 CF	3
CTG1 G2 CF	1
G2 CTG1 CF	3
CTG1 OK5 CO	0
OK5 CTG1 CO	2
CTG1 NBRC3202 CF	1
NBRC3202 CTG1 CF	3
CTG1 M38 CF	1
M38 CTG1 CF	3
CTG1 plant_ATCC CF	1
plant_ATCC CTG1 CF	3
CTG1 DSM15434 CF	0
DSM15434 CTG1 CF	2
CTG1 L1-82 CO	0
L1-82 CTG1 CO	2
F2a MC1 CF	0
MC1 F2a CF	2
F2a STM815 CF	0
STM815 F2a CF	2
F2a L45 CF	0
L45 F2a CF	2
F2a ORS571 CF	0
ORS571 F2a CF	2
F2a Nc4 CF	6
Nc4 F2a CF	7
F2a Nb231 CF	6
Nb231 F2a CF	7
F2a M162 CF	0
M162 F2a CF	2
F2a Nb255 CF	6
Nb255 F2a CF	7
F2a X14 CF	6
X14 F2a CF	7
F2a HI2424 CF	0
HI2424 F2a CF	2
F2a SM52 CF	0
SM52 F2a CF	2
E1-9c L1-82 CO	8
L1-82 E1-9c CO	3
DSM15272 DSM43827 CF	8
DSM43827 DSM15272 CF	8
DSM15272 L1-82 CO	8
L1-82 DSM15272 CO	3
DSM15272 DSM6578 CF	8
DSM6578 DSM15272 CF	8
DSM15272 MCC318 CO	4
MCC318 DSM15272 CO	9
DSM15272 DSM20109 CF	8
DSM20109 DSM15272 CF	3
DSM15272 LM5 CO	8
LM5 DSM15272 CO	8
DSM15272 DSM43183 CF	8
DSM43183 DSM15272 CF	8
DSM15272 DSMA194 CO	4
DSMA194 DSM15272 CO	9
DSM15272 UPMC901 CF	8
UPMC901 DSM15272 CF	8
DSM15272 DSM4252 CF	8
DSM4252 DSM15272 CF	8
DSM15272 NGAS638 CO	8
NGAS638 DSM15272 CO	8
ATCC51888 ICMP19499 CF	2
ICMP19499 ATCC51888 CF	0
ATCC51888 Nb255 CF	6
Nb255 ATCC51888 CF	7
ATCC51888 F2a CF	2
F2a ATCC51888 CF	0
ATCC51888 X14 CF	6
X14 ATCC51888 CF	7
ATCC51888 NBRC14164 CF	2
NBRC14164 ATCC51888 CF	0
ATCC51888 PAO1 CF	2
PAO1 ATCC51888 CF	0
ATCC51888 Nb231 CF	6
Nb231 ATCC51888 CF	7
ATCC51888 BIMB268 CF	5
BIMB268 ATCC51888 CF	5
ATCC51888 S52 CF	2
S52 ATCC51888 CF	0
ATCC51888 PS1 CF	2
PS1 ATCC51888 CF	0
ATCC51888 L48 CF	2
L48 ATCC51888 CF	0
Cppng1 PAO1 CF	2
PAO1 Cppng1 CF	0
Cppng1 Nc4 CF	6
Nc4 Cppng1 CF	7
H1 SRCM102733 CF	3
SRCM102733 H1 CF	1
ATCC43049 DSMA194 CO	4
DSMA194 ATCC43049 CO	9
ATCC43049 L1-82 CO	8
L1-82 ATCC43049 CO	3
MFe28 PAO1 CF	2
PAO1 MFe28 CF	0
PFRJS14 R1dM1 CF	6
R1dM1 PFRJS14 CF	7
PFRJS14 plant_ATCC CF	1
plant_ATCC PFRJS14 CF	3
PFRJS14 Rf4 CF	8
Rf4 PFRJS14 CF	3
PFRJS14 T6-13N CF	8
T6-13N PFRJS14 CF	8
PFRJS14 SZ CF	8
SZ PFRJS14 CF	3
MC1 X14 CF	6
X14 MC1 CF	7
MC1 NBRC14164 CF	2
NBRC14164 MC1 CF	0
MC1 PS1 CF	2
PS1 MC1 CF	0
MC1 Nb255 CF	6
Nb255 MC1 CF	7
MC1 Nb231 CF	6
Nb231 MC1 CF	7
MC1 PAO1 CF	2
PAO1 MC1 CF	0
MC1 S52 CF	2
S52 MC1 CF	0
NCTC11831 PAO1 CO	2
PAO1 NCTC11831 CO	0
NCTC11831 SI CO	6
SI NCTC11831 CO	7
NCTC11831 RS-1 CO	6
RS-1 NCTC11831 CO	7
NCTC11831 SB CO	8
SB NCTC11831 CO	8
NCTC11831 SRW-OG1 CO	5
SRW-OG1 NCTC11831 CO	5
NCTC11831 Aspo-2 CO	6
Aspo-2 NCTC11831 CO	7
NCTC11831 PFRJS14 CO	8
PFRJS14 NCTC11831 CO	8
NCTC11831 OnP31 CO	5
OnP31 NCTC11831 CO	5
NCTC11831 ORS2060 CO	5
ORS2060 NCTC11831 CO	5
DSM2522 TSA2s CF	3
TSA2s DSM2522 CF	8
1014CHN ATCC25975 CO	8
ATCC25975 1014CHN CO	8
1014CHN ATCC27343 CO	8
ATCC27343 1014CHN CO	8
1014CHN 451SPAR CO	8
451SPAR 1014CHN CO	8
1014CHN NGAS638 CO	8
NGAS638 1014CHN CO	8
1014CHN RS-1 CF	6
RS-1 1014CHN CF	7
1014CHN CICC22518 CF	3
CICC22518 1014CHN CF	8
1014CHN SI CF	6
SI 1014CHN CF	7
1014CHN DSM12680 CF	8
DSM12680 1014CHN CF	8
1014CHN LM5 CO	8
LM5 1014CHN CO	8
1014CHN MCC318 CO	4
MCC318 1014CHN CO	9
1014CHN JJ CF	6
JJ 1014CHN CF	7
1014CHN DSM2032 CF	6
DSM2032 1014CHN CF	7
1014CHN MPOB CF	6
MPOB 1014CHN CF	7
1014CHN Aspo-2 CF	6
Aspo-2 1014CHN CF	7
1014CHN DSM574 CF	6
DSM574 1014CHN CF	7
1014CHN DSM103284 CF	8
DSM103284 1014CHN CF	8
1014CHN SB CF	8
SB 1014CHN CF	8
1014CHN DSM2638 CF	6
DSM2638 1014CHN CF	7
11B JF-5 CF	8
JF-5 11B CF	8
11B ATCC33913 CF	3
ATCC33913 11B CF	8
11B DSM15272 CF	8
DSM15272 11B CF	8
11B F0399 CF	8
F0399 11B CF	8
11B PAO1 CF	2
PAO1 11B CF	0
11B 12D1 CF	3
12D1 11B CF	5
11B DJ CF	2
DJ 11B CF	0
11B S52 CF	2
S52 11B CF	0
11B K288 CF	2
K288 11B CF	0
11B ATCC12561 CF	8
ATCC12561 11B CF	8
PCA X14 CF	6
X14 PCA CF	7
PCA PFRJS14 CF	3
PFRJS14 PCA CF	8
